{
    "type": "chest",
    "pools": [
        {
            "rolls": 1,
            "entries": [
                {
                    "type": "loot_table",
                    "name": "minecraft:chests/abandoned_mineshaft"
                },
                {
                    "type": "loot_table",
                    "name": "minecraft:chests/bastion_bridge"
                },
                {
                    "type": "loot_table",
                    "name": "minecraft:chests/bastion_hoglin_stable"
                },
                {
                    "type": "loot_table",
                    "name": "minecraft:chests/bastion_other"
                },
                {
                    "type": "loot_table",
                    "name": "minecraft:chests/bastion_treasure"
                },
                {
                    "type": "loot_table",
                    "name": "minecraft:chests/buried_treasure"
                },
                {
                    "type": "loot_table",
                    "name": "minecraft:chests/desert_pyramid"
                },
                {
                    "type": "loot_table",
                    "name": "minecraft:chests/end_city_treasure"
                },
                {
                    "type": "loot_table",
                    "name": "minecraft:chests/igloo_chest"
                },
                {
                    "type": "loot_table",
                    "name": "minecraft:chests/jungle_temple"
                },
                {
                    "type": "loot_table",
                    "name": "minecraft:chests/nether_bridge"
                },
                {
                    "type": "loot_table",
                    "name": "minecraft:chests/pillager_outpost"
                },
                {
                    "type": "loot_table",
                    "name": "minecraft:chests/ruined_portal"
                },
                {
                    "type": "loot_table",
                    "name": "minecraft:chests/shipwreck_map"
                },
                {
                    "type": "loot_table",
                    "name": "minecraft:chests/shipwreck_supply"
                },
                {
                    "type": "loot_table",
                    "name": "minecraft:chests/shipwreck_treasure"
                },
                {
                    "type": "loot_table",
                    "name": "minecraft:chests/simple_dungeon"
                },
                {
                    "type": "loot_table",
                    "name": "minecraft:chests/spawn_bonus_chest"
                },
                {
                    "type": "loot_table",
                    "name": "minecraft:chests/stronghold_corridor"
                },
                {
                    "type": "loot_table",
                    "name": "minecraft:chests/stronghold_crossing"
                },
                {
                    "type": "loot_table",
                    "name": "minecraft:chests/stronghold_library"
                },
                {
                    "type": "loot_table",
                    "name": "minecraft:chests/underwater_ruin_big"
                },
                {
                    "type": "loot_table",
                    "name": "minecraft:chests/underwater_ruin_small"
                },
                {
                    "type": "loot_table",
                    "name": "minecraft:chests/woodland_mansion"
                },
                {
                    "type": "loot_table",
                    "name": "minecraft:chests/village/village_armorer"
                },
                {
                    "type": "loot_table",
                    "name": "minecraft:chests/village/village_butcher"
                },
                {
                    "type": "loot_table",
                    "name": "minecraft:chests/village/village_cartographer"
                },
                {
                    "type": "loot_table",
                    "name": "minecraft:chests/village/village_mason"
                },
                {
                    "type": "loot_table",
                    "name": "minecraft:chests/village/village_shepherd"
                },
                {
                    "type": "loot_table",
                    "name": "minecraft:chests/village/village_tannery"
                },
                {
                    "type": "loot_table",
                    "name": "minecraft:chests/village/village_weaponsmith"
                },
                {
                    "type": "loot_table",
                    "name": "minecraft:chests/village/village_desert_house"
                },
                {
                    "type": "loot_table",
                    "name": "minecraft:chests/village/village_plains_house"
                },
                {
                    "type": "loot_table",
                    "name": "minecraft:chests/village/village_savanna_house"
                },
                {
                    "type": "loot_table",
                    "name": "minecraft:chests/village/village_snowy_house"
                },
                {
                    "type": "loot_table",
                    "name": "minecraft:chests/village/village_taiga_house"
                },
                {
                    "type": "loot_table",
                    "name": "minecraft:chests/village/village_fisher"
                },
                {
                    "type": "loot_table",
                    "name": "minecraft:chests/village/village_fletcher"
                },
                {
                    "type": "loot_table",
                    "name": "minecraft:chests/village/village_temple"
                },
                {
                    "type": "loot_table",
                    "name": "minecraft:chests/village/village_toolsmith"
                }
            ]
        }
    ]
}